{"rmse": 0.8020036220550537, "mae": 0.6157439351081848, "nDCG@10": 0.9606552002391718, "MAP@10": 0.9374747638969589}
