{"rmse": 0.8006735444068909, "mae": 0.6128411889076233, "nDCG@10": 0.9608301420732862, "MAP@10": 0.93756537818957}
